1,101,01/05/2023,07/15/2023
2,101,03/10/2023,09/20/2023
3,102,02/15/2023,08/30/2023
4,102,04/01/2023,06/10/2023
1,103,05/20/2023,11/25/2023
2,103,07/01/2023,10/31/2023
3,104,06/05/2023,12/10/2023
4,104,08/15/2023,10/01/2024
1,105,09/01/2023,12/31/2023
2,105,10/15/2023,01/15/2024
3,106,11/01/2023,02/28/2024
4,106,12/01/2023,03/31/2024
1,107,01/15/2024,04/30/2024
2,107,03/01/2024,05/31/2024
3,108,02/01/2024,05/31/2024
4,108,04/01/2024,06/30/2024
1,109,03/15/2024,06/15/2024
2,109,05/01/2024,07/31/2024
3,110,04/10/2024,07/20/2024
4,110,06/01/2024,08/31/2024